{
    "comentari": "Aquestes son les dades del jugador:20",
    "id": 20,
    "posicioX": 389.50127702123837,
    "posicioY": 64.0,
    "posicioZ": 1375.7394728145844,
    "horaActualitzacio": "2024-12-14 18:31:50.305448"
}